Subject,varimax_satisf,varimax_cog,varimax_er
100206,2.51710941510377,1.77689191289341,-1.62474648780576
100307,0.45008563855107,0.60926042467082,1.12290210131233
100408,-0.449042638458397,2.01560889967627,-0.595095167075193
100610,-1.00539666730959,5.14952895626981,2.33538137649218
101006,0.349093706030656,-2.77616431521864,-1.48245524417089
101107,-0.513881887396238,0.123279721590743,-1.18136392043097
101309,-3.21259236310925,-1.14593188607277,-0.241324053503405
101410,-1.05288941173416,-0.0181330736797927,0.263648395719722
101915,-3.4936364992638,1.1045519698179,0.518715603962532
102008,-2.05122264075059,1.9681181444968,-0.90994224957021
102109,-2.06973391283231,0.537008559157377,-0.143587228734635
102311,0.179199623003878,-0.443588003673487,-0.0994246777684793
102513,1.38585565329913,1.64256289636587,-4.33906388437904
102614,-3.95032721892731,3.12035180207483,1.46582677120854
102715,-5.34817604283296,3.04805135639159,1.17012773767225
102816,-0.781684942240605,0.00103853003968364,0.5726700059132
103111,-1.65025774322701,1.49770661000161,-0.854032729958835
103212,0.654979129881872,1.9344892262595,0.650700009936876
103414,-1.22762862831292,0.161643864444855,0.312751012831363
103515,6.52415855792278,-7.20141738229591,-0.155052969645043
103818,2.37834648185715,0.527906358566058,0.650295011283283
104012,-0.893418755415629,-2.28807398899361,0.393419150421891
104416,-4.7504550719606,3.56519660894711,1.0268516935085
104820,-1.30522432146617,-1.72411689087789,0.387095533092506
105014,-2.01816038864127,1.9240787768255,-0.214048509955512
105115,2.54514013038175,2.07897692131721,1.293364746172
105216,2.99487326439716,4.96961326130541,3.02030481354476
105620,0.406408566214623,3.84883315700447,2.40306735714181
105923,-0.302796523982344,2.64125197637177,0.0605794371255755
106016,-0.00341830144092125,1.72517681265091,0.331794231404033
106319,3.8055381343766,4.4070873608424,0.766887468274746
106521,-0.959786942566224,5.29870863683726,1.91552241547095
106824,-0.377979822316351,3.48523594568924,1.99706232852066
107018,-1.26799595832132,1.1047044388943,-0.0158481360890986
107220,0.678474578522087,1.9928790262085,0.0217728255488451
107321,0.691742228209115,4.43402035316186,1.77885383721474
107422,-0.751272228625114,3.68459981176336,1.83805052811483
107725,0.811012883419767,-3.34088868542374,-0.262924798155189
108020,-0.87825351811424,1.37568831432805,-0.12508768927909
108121,0.730525965815273,0.440481200964987,-0.0439420172165609
108222,0.114102277691008,4.86798630400476,1.22852570766073
108323,-0.0892451360602937,0.564706397363912,0.455630387783135
108525,-2.46947488476586,-3.15027648666481,-2.02994776808868
108828,6.18439431590313,-0.418070882996829,-0.126332050685883
109123,3.7781050983612,2.6095872626552,1.55237028708111
109325,-1.33459314303031,-1.56817287416594,1.68581807044833
110007,-4.62430918924377,0.929465547373415,0.154889728617971
110411,-4.36253260458859,2.7201110948618,0.61484582681101
110613,-4.13892910725442,1.48078320691004,0.00216970849718063
111009,-1.53599823263893,4.07781095028825,1.11149681084925
111211,-0.200520195182412,2.18948196718737,-0.18307328460283
111312,-1.61969182114259,-1.02316923346665,-1.46821562676617
111413,1.61913678642198,0.812296143700927,0.41094498545926
111514,0.751533222405738,3.00280661789367,2.47293589818082
111716,-0.688661389144853,2.22592546759253,0.737826771776601
112112,-4.44215052062212,1.59529619157725,0.68465944875839
112314,0.456456877839309,0.750145355028896,-1.37615146660489
112516,-2.15112110921092,0.178236012763696,-0.551521963140298
112920,-2.21463315334072,2.19196611080583,0.00535069241077209
113215,1.45962345516899,3.13088748021909,1.81672567675214
113316,0.77318754361805,0.739482797893066,0.343936218027389
113619,-2.25068176101798,1.97199130099754,0.301056240259402
113922,0.80485499766233,1.25625063700272,1.3673215427219
114116,3.21533680858364,2.33266105949894,1.47746254781041
114217,-4.95965984294384,3.52485552695248,0.831322880148586
114318,1.02265734780326,-0.237337926771316,-1.47638879171824
114419,-1.31171660761509,0.601438018333535,-2.36481973347962
114621,-1.81118375929406,0.228837542583875,1.00131574491341
114823,1.35974587735266,4.05508882727079,1.29126714772027
114924,-0.397606227117,-6.07538188812268,-3.31579582681581
115017,-1.34464095474923,1.15258721089888,1.8722617102306
115219,-0.712787257698389,1.35599468303161,-2.78584783584221
115320,-1.5553238247269,-1.78995852280572,0.448272501424875
115724,0.00605056758240824,-2.29483865826436,-0.0931423784770689
115825,1.12834637499653,-4.69779237697349,-0.00947759552822348
116221,1.09255831847349,1.10516828382565,1.25648189950208
116524,3.55321138107274,-4.85340720863389,-0.641747668104587
116726,-3.9947110350314,3.63105794395268,-0.846250371796524
117021,0.841032023645771,2.3025503658561,1.24571270564734
117122,-0.606890868881291,2.28737427005553,1.94947619133377
117324,-5.17014504173197,-3.13275114395529,-1.30547495095609
117930,-0.924781578772876,0.420611521543764,0.472913774995289
118023,0.431409636202222,2.32849591987446,1.03576826890612
118124,0.314031812910397,-2.31584683446286,0.359074832287122
118225,-1.39255255581138,2.94472205950932,1.20673727174523
118528,0.31671495701078,0.649142887016431,-4.07947310216751
118730,0.91141964227458,-0.0108436151124471,0.597404165073763
118831,5.35366583569717,2.40552789279592,0.410339454756712
118932,2.79245665581524,2.01569687939131,2.48228605491734
119025,-2.37982738071807,3.13458102909803,2.14635741324246
119732,1.11823461816875,0.282440748898114,-0.214237777202143
119833,1.73815185392364,-1.29783006985372,-0.111770249727139
120111,-3.03149131584498,-0.789110581098524,-0.0486801763194989
120212,2.38388967401681,2.30578192216924,0.53993819115057
120414,-0.570626863658758,-1.67456417873691,-1.41411720772249
120515,0.0584909684173207,-0.528828999497259,1.12210921212385
120717,0.345813774324756,3.36921782626276,0.917650306968175
121416,0.32293274951341,-1.9852964965958,0.564220723552907
121618,3.87390599888057,-1.55722499163845,0.43921345114935
121921,1.34706238724467,-0.41380090236671,0.673675167158839
122317,-0.254178596798764,0.900013826402039,-0.779712584039397
122418,-3.90009000466572,2.31807213875886,2.27728686057635
122620,-0.731517552758348,-1.47099876941976,-0.0142412089909441
122822,-0.767601201504177,0.700325631898194,0.0433997197076858
123117,-0.678118045257197,-1.68315329758755,-0.87491371917451
123420,2.54931762747256,1.96249215802929,0.183228631268215
123723,2.36624402663452,-3.77785713057496,-1.87108142401958
123824,-4.45226445755598,-7.32007891747511,1.95420842985233
123925,-1.19610878621472,2.02957434374569,2.68847049794239
124220,-0.96739624811045,0.132244623635043,1.32507830834161
124422,4.61744261400632,-1.48613035417838,-0.828586032550686
124624,-3.00748437911438,1.27749751813331,1.22725770529333
124826,-1.70161510275984,1.06477439499538,-0.410874832518082
125222,3.18451661941231,3.8584204270479,0.0901686202805428
125424,-1.67322182562009,-1.00992388518468,-0.927349420211712
125525,0.535913746449076,-3.78352135202944,1.4497470421851
126325,-2.57787993973821,0.74721597638174,2.28188074650346
126426,1.70986967072445,-2.36696983349479,-0.80609953572186
126628,-3.16894993520655,-1.15826149842415,-0.336313871947393
127226,1.65860470161658,-0.0567728086151107,1.35070578970179
127327,0.585968524486086,3.32008143098428,0.798199106399871
127630,-0.934230167249512,3.48498610305843,0.370796150360724
127731,-1.10948634585775,-2.0292853160479,0.126546959096567
127832,-6.09914857751159,1.21412627286323,-1.38536520907057
127933,-0.753497236556516,2.22680218204278,-0.862404270184099
128026,-1.25120287701946,1.9620959791109,0.44821833748679
128127,-0.434498428578272,2.28269657656593,0.463022965863923
128632,-1.85191566182117,-0.963590155416707,-0.392375732724288
128935,-0.629299441460829,2.1326782295945,-0.265363240748271
129028,-1.84675548752849,2.7419286675808,-0.145948468205179
129129,3.46853903193717,0.839297255481758,-0.301683033164419
129331,-0.713518781615633,3.5070507309429,-0.206187774550485
129634,-2.08641508520278,0.803294166672222,-0.0332688727502895
129937,-1.19557343673471,0.0558822403580896,0.478517920798726
130013,-2.59726691293779,0.685576393394014,0.937618462496442
130114,-5.94005644250343,3.66930154385118,0.184158490663547
130316,1.65193892201056,1.42355359200801,0.598004155198873
130417,-0.729149334410223,0.93447877536964,-0.368020280219991
130518,-1.91885232769907,-2.82868267547364,-3.13810949149843
130619,1.29543510535669,2.17404661980051,0.392778490854503
130720,0.411370120133382,1.93522639383196,-1.02749603260449
130821,-1.12089313972644,-3.13320088359647,-1.30458009129547
130922,-1.6392900496956,5.66354783571979,1.59222701018632
131217,-0.0185015662595427,2.58101174485126,1.41391652140368
131419,-0.824530967113093,1.48298638812381,0.192759511556815
131722,5.93337570753648,3.29472596370123,-0.719515286182879
131823,1.71680952797138,1.73751360070753,0.868114527523564
131924,-1.18021272296783,2.19550636493066,1.57801597965785
132017,0.727569903836288,1.60810663461019,0.850996536487842
133019,-2.58250951928652,0.535242790334077,0.086967069747329
133625,-0.808663264495304,2.97916225793103,0.399819422621191
133827,-1.92105081221639,-0.852850519679766,0.539510915352008
133928,0.934377141009757,-1.30182641400655,0.890410516619962
134021,-3.7549652800588,-0.707398985505966,-1.92722756228238
134223,-0.674010698735884,3.61654822777102,0.513748210404805
134324,-3.6954064001095,0.0224209012772523,-0.595364051188114
134425,-3.00620785265168,0.779949311372314,1.24947371352278
134728,-3.37858163597151,1.39488667655284,2.17608776944565
134829,1.02921652771816,-2.46091420660099,-0.530974092207694
135124,1.22022368369133,2.29931464911801,1.81554674893529
135225,-0.531252146691767,2.69660275298178,-1.07362682084649
135528,-1.98427818889628,0.420018270617093,0.0232418337543142
135629,2.45612647615188,1.05813214426979,0.28107172175989
135730,1.24708277048994,1.06939023733853,1.49715170824358
135932,-2.41795979944147,2.32299767202688,1.3105949305118
136126,-1.01355962753243,0.305725786142482,-1.36334463513461
136227,1.26104145793261,0.869050828751577,-1.5815458956963
136631,-1.58673547253435,-0.695913603020699,1.17355907567818
136732,-4.24828517461443,0.383483928487781,1.69499591880351
136833,-1.03615793681298,1.77709343931497,0.714478488981335
137027,-3.63123793530632,0.632866383843934,0.981666621628236
137128,-1.51776894426691,2.65703007648177,0.0658071520908712
137229,-2.46709869920275,2.03266721499127,0.36894316969726
137532,0.730071700526716,-0.761551705292856,1.32946572884184
137633,-1.644042669356,0.405404287979196,-1.87729596587749
137936,-0.351280576760283,-4.7959738963124,-1.24069407398395
138130,2.30593587598224,1.70345531612103,1.07695884328358
138231,0.630506396752871,-1.20630779773387,0.600022385486566
138332,-1.26703860607207,0.556173840205302,1.05255786739664
138534,-4.37558606808704,-0.557914764326016,1.31116423155106
138837,3.70043709459971,-4.12684406116071,2.01330771736164
139233,-5.26780937415105,0.419238672257912,-0.219802378901666
139435,-0.953476883033789,-0.734369074485109,1.08469743405789
139637,-0.994855190962351,2.74561829239825,1.51828815708061
139839,-1.2837460302622,3.45774580081038,1.21240049614943
140117,1.20151293485768,-1.40179133283304,-1.72482627969044
140420,3.39868505498674,-2.28349648798855,0.186326268935147
140824,1.49855151921934,2.76385433091544,-1.47807886489411
140925,7.12776753801918,-5.30138312864568,-3.7584078753848
141119,-1.32937821942906,1.25597304473397,-0.975123096217871
141422,-0.103697291749061,3.46372415524264,1.33523763600085
141826,-3.69921476965147,-4.10348938479781,-0.276827164798517
142828,0.417189795889588,2.66299924635664,0.198778454792636
143224,-0.893692106236196,1.05212028781413,-0.916058000996419
143325,3.98788744267247,-1.96708172441417,-0.891769161228566
143830,5.14934895044809,-1.07966182396687,0.74166455473562
144125,-4.83200554351783,-4.9737836942712,-2.1459648551894
144428,3.28983928931191,2.27657858502062,1.84952573725114
144832,-1.15055832729446,1.51961394554817,1.30383298988492
144933,1.05486530559882,2.18636289411871,-0.848342418659098
145127,-1.18067824546659,-1.60651359881406,-0.551070864426633
145632,5.12897926873026,3.44908619317486,-1.47277465816085
145834,0.625859744703515,1.23984972535774,-0.150427518453812
146129,-3.12276894497514,1.91991162988906,1.2526431342957
146331,-2.40479946756997,-3.69281255948384,-1.14066247039722
146432,-3.59091789382553,-0.481040320027049,0.617595843761515
146533,0.276190183615536,1.00593841782667,2.27516981845767
146735,-1.05325786851139,-1.65898945651724,-0.308450784974492
146836,1.66119888864126,0.249977295663104,0.0553651647564221
146937,-1.45489991774606,3.10723433136055,-0.0118161595437686
147636,2.04415723483957,0.823473186246195,0.886684784904599
147737,5.27046918197721,1.48814708572164,0.0527388974087547
148032,-4.61747105803577,2.00734873349149,0.55630197537873
148133,3.20018279144237,3.46673488580458,-0.132981423393462
148335,-1.28464420723184,0.328493784890164,-1.33878447454219
148436,-1.47408608390966,0.972567375832625,0.516884253629701
148840,1.288896998052,2.15074261893379,0.658655186557733
148941,-2.7595862940863,1.10756431300676,-0.332761946608066
149236,0.509644671010497,5.48731567046904,2.32861724821506
149337,-1.88364553604899,1.34383222793648,-0.182005069448056
149539,-0.79105183870282,5.67260453928379,0.0751259276945793
149741,-2.45403923093053,-1.35768794814337,1.12010701630126
149842,-1.21063890114424,1.93189510777094,-0.932588820756624
150019,-2.64754803915127,-0.512031975508287,1.10933302388918
150423,1.06933707014197,1.17564382982407,-0.576713907429243
150524,3.97328940678428,-0.189010807200084,0.733212777349231
150625,-3.42509140949003,1.47060597621996,0.44631285103121
150726,1.77516038727736,4.51595829810911,0.47308680946898
150928,0.359279741049684,1.84564705855197,-0.265218747382989
151021,-3.18541471358378,-0.64576601030232,2.83765892120185
151223,4.81845121609133,-0.100404172470886,-0.493349663771375
151324,2.82612408587506,0.332000609487635,0.44540700463508
151425,-1.57166070929546,2.88989234541455,0.809758097651922
151526,6.47379673500433,-0.0394803629691942,0.238346568524802
151627,-4.60783255130905,1.49280008838355,0.690111315024283
151728,0.711337687485427,3.03760168512894,0.556388273361676
151829,-0.262110480018207,1.49527774056121,-0.190546081866562
151930,0.560425906524992,4.10146684683224,0.639056490008817
152225,-2.94418840523689,4.8473746672563,2.3961462879082
152427,1.20115727856182,3.49886726992154,1.0120514079638
152831,3.99676810284995,2.20596650489177,-0.137107259741677
153025,-1.47197379772118,0.323467425370961,-0.250524225395786
153126,-0.60623320101777,0.0397138281914348,-3.20009343307492
153227,-0.544644947990244,-2.01556565869106,1.05756154266115
153429,-0.731481319755776,3.07999002587725,0.482964412938496
153631,1.98717302693764,2.51164478412579,-2.03142932059186
153833,-0.833299292898911,-0.461362186475074,-0.414697280428976
153934,-3.86757299961031,2.57946324432888,2.67024476372788
154229,3.29869205094138,2.17125121968768,0.912527446093785
154330,-1.96453005133442,3.03706741702142,-0.189917792504051
154431,-7.27570497121809,-0.54356844633796,0.308505300466801
154532,0.13355578106794,-0.791583556662457,-0.0745915365956344
154734,-5.26566958650164,2.52047092603349,1.09621998288774
154835,0.752790119081751,0.718075069311221,-0.0121670725398252
154936,6.53433619098442,-2.65028341915708,-1.11870366912065
155231,-0.716521868799817,1.38858203373783,-0.35593900362656
155635,2.29107834137571,1.18854900718178,2.33213075501083
155938,-2.5480099504329,2.79769722547588,-1.77683294491141
156031,-3.44557064112009,1.69543665747001,-0.282883405214673
156233,-4.70540793786066,-3.00075622346335,0.885487054604863
156334,-0.459638776538628,0.167746069416413,0.581620395575152
156435,-0.315806820621999,3.75718114545205,1.5909712020423
156536,-1.00142985235899,3.4440086052354,2.05339290668928
156637,5.80433874216908,0.176730719159118,-0.0837474491677153
157336,-0.684412638922793,3.05041733999512,1.53701670570008
157437,-1.79552139145548,-0.308908493463595,0.7391069766525
157942,2.2972468442285,2.01656372397311,0.0075589338031639
158035,0.0637945179424376,0.0460625834394929,0.610763227456144
158136,4.4099057079161,-0.401903313715376,0.879262726548509
158338,-0.54635024534674,4.04150856524981,0.1928268107597
158540,-1.32733955031977,0.0981734164453126,0.97631704687945
158843,0.448381793618936,1.48698399150552,-0.681562894512464
159138,-5.74013435794628,0.876950085749675,0.696980256714424
159239,-2.86313257345703,-0.108143055567918,-0.515106440282931
159340,-6.66709714037035,0.59161459313222,0.0701398187523106
159441,0.425820351489268,0.358410395705805,-2.04530270735799
159744,-3.46539430570538,0.488066933992445,0.685375608155946
159946,1.46962519618899,3.70465860440994,1.02054356829157
160123,1.27439828575313,-1.00267582852005,0.0413842237413705
160729,2.33247030239262,1.68695842531747,0.995943042488622
160931,-0.140919973428815,2.87662176625472,0.646841675783121
161327,1.16268434615661,-3.73149734676593,0.590191187645769
161630,-4.38812445619272,0.517857084414681,1.72083301652583
161731,-1.56772823408846,1.98783823991672,0.697167727501486
161832,3.41427509786766,-0.707685011387404,0.76314278402386
162026,-1.7727395924659,0.778435310928543,1.19938393621108
162228,-5.87939336887606,1.28920090624076,1.47365653484015
162329,-3.60380529831293,-3.28679495881575,-0.260002442033732
162733,1.12552125713054,1.79100976055996,1.41306651323897
162935,2.38375989899288,0.660564376573834,2.14308069112197
163129,-2.80007899490846,0.735754466145368,-1.17977351129241
163331,-1.12835399471585,-0.85461554204806,-0.293255003109654
163432,-2.34718183469356,2.6420830114384,0.388898460453095
163836,1.95671521397629,-4.48727445164272,-1.89923116098701
164030,-3.60543132360949,2.0861179465259,2.39704018866194
164131,2.94006038519744,3.271008939709,1.65246421208213
164636,-3.20695954138449,1.15109566376267,0.258408557621699
164939,4.85079911121582,-0.205673746862958,-2.82051607559614
165032,-0.159908255416141,-0.00687786779647746,-0.224836385895569
165436,1.57342134983723,2.35924547510586,-0.430077957717978
165638,-4.528268240387,4.63309708376981,0.836155358995671
165840,3.66787877113553,-1.49832327413939,-0.136747145900202
165941,-0.383701160445104,0.744906745660314,-0.215313381502503
166438,1.25578189334092,2.07794841558214,1.17073851406269
166640,0.78083617873776,-0.404201103755064,-3.40704195837068
167036,-4.33516895250483,1.62970483966113,-2.10358117850014
167238,-0.842904903469014,1.51370466440798,-0.95844986752056
167440,-1.26611558602299,1.08624728969917,-0.909527569461183
167743,1.33479643440064,0.410014091257874,-0.992870456114979
168139,-0.238759847132808,-0.86380447551227,-0.757517212294257
168240,5.7865137780329,-2.26800172767375,0.488106110103801
168341,-1.99041830765074,0.297349516197264,1.0291293722255
168745,4.70706312344483,1.07563534400013,-0.346833809300645
168947,-2.2188299064236,-0.104005528708928,0.149569012614742
169040,2.87553323054802,-0.495359814381266,-0.818519694231944
169444,0.451113440873196,1.45748649174848,-1.09231104973322
169545,-1.77082398664479,2.30690357426113,0.707035435445557
169747,-1.59523027899469,1.45598454039004,-0.0364858001795645
169949,-3.97800348184618,1.53750351387314,0.767558413617337
170631,-4.29647765880957,2.00589305866537,-1.02786975800546
170934,2.89586558636416,0.0169705549592263,-1.9029406072247
171330,-1.93415930610023,0.305012320870569,-0.382228426901543
171532,4.69447948978046,0.252933147687248,0.597686844299018
171633,-0.572117000361772,-0.685234937714821,0.208963589464135
171734,-1.68273618544756,1.37737874673443,0.251730818303835
172029,1.08962213083243,-0.180037777772177,-0.595698903701616
172130,0.884408435023607,0.571347927395528,0.604353052914384
172332,-1.74586326103119,-2.41317080762498,1.01484622577187
172433,-0.238743955444974,-0.279109236447177,2.37710250796413
172534,-2.62262467085772,1.57745898791498,1.9122788735908
172938,-0.836590431439721,-3.3556311336447,-1.85877254087812
173233,-0.125680688064912,0.194499247787249,-0.174036863676639
173334,1.5276924194403,4.26848922150777,0.322432265140062
173435,-1.3457665076713,2.83311343488172,0.232305823410709
173536,-0.234771199496455,3.33579594824915,0.579381145118463
173637,-4.6500875626322,2.18863928760703,1.22245742370016
173738,2.07588448840796,2.35615764702201,-0.0630036925401044
173839,0.428783714598289,0.00929107367716415,0.738882317140527
173940,0.881541778680347,2.56696387433511,1.20346307168504
174437,0.390407994294231,-1.63774604202148,-1.38116810830823
174841,-7.18189214540983,1.48591047914981,1.06391840839612
175035,1.49353661149626,-6.67624352210735,-3.53797380594937
175136,-3.31893031827916,0.381711688008702,0.627800833055118
175237,-3.36478759230104,2.74762079226932,1.37752817954277
175338,-0.0643991145373345,1.54503219763978,1.84900874563599
175439,2.90837671603877,-1.24714469617079,0.0496987440998909
175540,-0.360765412332968,2.67687757042903,2.3769364590811
175742,-2.00261616412354,1.69156950233046,0.249490310713265
176037,-0.297665688333296,2.65885344193019,1.42561676397311
176239,-0.254781414785868,0.261277632576189,-1.0208296183653
176441,0.772883461067936,0.508783290073751,0.529397132778155
176542,1.15753791230732,-1.78874122038652,1.94589756291237
176744,-2.95808041298924,1.4230970099753,1.8632240779791
176845,-4.24545901408037,-0.041007172011625,0.589695427810491
177140,0.440921588077929,1.27187887339459,0.690742477856493
177241,-2.42653696967202,1.05683459115245,1.46644392650611
177645,0.177318596571441,1.51009638475481,0.945123883896511
177746,-2.54355214800426,1.52952719581199,0.983517200872098
178142,-1.55444587280837,3.42877631866568,1.86861613532826
178243,1.90529545657858,-2.84836900234889,0.513861776697059
178647,0.624521913881626,-2.8636776352555,-0.825487847103642
178748,1.0839057142668,-2.47142281975197,0.0935215521643172
178849,1.64944856181535,1.06037807042537,1.98757967866755
178950,2.78309396547688,3.03446108003287,1.58412314002975
179245,2.69934430946991,-1.5115143322127,1.54071358033896
179346,-2.9875814152667,2.1322565128958,1.3736287324955
179548,-0.620193622033374,-0.880533377121708,0.149705317187344
180129,11.3049795865787,-2.61930588577856,-4.08575946834752
180230,-2.34631676543567,3.82576099866741,1.59718384674313
180432,-2.20297674597815,3.82076639752994,0.797189169449263
180533,-1.05570067926018,2.14068949644306,1.89747633853843
180735,-2.06260354213449,-0.189801472619645,-0.263052840452716
180836,3.37580090495218,-0.91385547590269,0.46568523264045
180937,3.30038408429497,3.68691028976668,0.865583594701667
181131,0.477729775577951,-2.7202128775457,-0.688665055799726
181232,-3.58283535882059,2.22829124118265,0.65707523525499
181636,-4.152998329076,-2.91604436168433,-2.28107852121918
182436,0.201055581626062,-3.13247847110377,-2.74619602795576
182739,-1.01079067289732,-0.0301044176353325,-0.584127589347632
182840,5.27546598910852,0.410358202866036,-1.52974230334314
183034,-2.08717997359489,1.17095267971,1.27363955693158
183337,-4.49355403661913,-3.28764019816847,-1.68423819595923
183741,2.56062053147644,1.67293005349684,0.0771892152867415
185038,4.66929337345856,0.858417162101937,0.82372513035521
185139,-3.64989875893564,1.31471555255206,2.00454988180535
185341,1.7155500554002,0.792837864911822,-0.187064714942863
185442,-2.29757221371791,4.05980164131378,2.3232588191288
185846,2.73101336385008,-0.597263497727016,-0.831426832356203
185947,4.74045964202926,1.68931797154982,-0.939412630388814
186040,-1.0704723780178,5.80132658047918,1.32201315155771
186141,1.55404586791161,-5.29201376961042,-2.23929818100903
186444,5.00949525619677,2.04700635866722,0.947446460406344
186545,4.3932667616488,-0.439018656088062,-0.0798082794078152
186848,-2.59759367144013,-3.16213874872236,-0.313264858349244
186949,1.2631088143567,-3.24369493487194,3.28503114879455
187143,-0.25261594681285,2.85170942441314,1.49272509903079
187345,-0.0671200457155832,3.82760333873937,1.11902337938246
187547,-2.35111777048119,-0.0462783721706927,2.06823367957045
187850,-2.84361401111626,-0.478907877069789,1.11393916600264
188145,-3.25759075990074,3.57845070553296,1.42228476111909
188347,-4.38232566951068,-1.5921225135123,1.45119863993116
188448,-0.487432929989563,3.55332460380334,2.00617193139328
188549,2.16455177956111,0.34730162713296,-0.393242511234909
188751,-3.51870625184245,1.40322677160795,0.891456449611921
189349,-2.3687795795616,0.694779149317937,1.59833810506992
189450,-0.0197111987748724,-2.15480192500134,-1.15426029320097
189652,-2.11922289679842,0.868345355476582,-1.30485209722435
190031,0.517202239407148,3.72514734951476,0.931464563820848
191033,-0.176535250167797,0.945837925271197,-0.748056212483141
191235,-4.21856321101762,1.298492304629,1.89600827038464
191336,0.587215781012653,2.93223675761694,2.32520403798053
191437,3.67117354121226,-0.609585504947354,-1.15289766464888
191841,-0.60005113066186,1.26433541402954,-0.678186181755316
191942,-4.49336415184305,0.369511542602517,-0.173066997763512
192035,-5.48849952951121,-0.711310558181763,-0.299998756333644
192136,0.263106876220808,-2.38639490459376,-0.326097675043331
192237,0.827885474845289,0.209848047795694,0.384944146312273
192439,3.51297819087095,-2.52420952403543,-0.405331748588505
192540,-1.94854875697544,0.548666749038264,-0.229907895910551
192641,-1.28032156388583,0.566369657454079,-0.569099942922965
192843,0.0342002231039846,2.03092437156263,-1.50760237276539
193239,0.0114491586803259,-1.08540750912954,-0.168463230408392
193845,-4.08100431411949,1.61220071280051,-0.0933630438501658
194140,-0.671843696491063,-2.74049510702014,-0.0745329323975426
194443,-3.76255335064164,1.14243286172117,2.74113615178112
194645,1.55948011256757,1.19967756678086,0.157553667899404
194746,-2.04534873074528,0.225706470247451,0.415541074583146
194847,-0.979394618875237,2.39781467925293,1.28287580874287
195041,-2.92634667270633,0.118738946734364,1.75133072691502
195445,4.42455463390304,3.44269067856293,1.64004355698615
195647,3.09546152054245,0.00941990447691671,-3.52538368837209
195849,-2.27039249935722,0.805111469921906,2.03609603585236
195950,-1.49542130321571,-1.97201248566222,0.0300796092274517
196144,3.85684892348101,-0.6249528069784,1.04562627032329
196346,-2.22026554711287,0.748136601058275,1.95329264855313
196750,3.4247978539743,-2.33401839111849,1.5759180033621
196851,0.714115277889878,2.0952571839957,2.17191259056758
196952,-3.3286441025556,1.62630866308534,1.01637770912613
197348,0.962521564686443,3.30463611650228,1.2190484594222
197550,6.87435319586156,-2.08303753743296,-0.33777921920053
198047,-1.60458710161732,1.22821328833715,-0.787757785343328
198249,-2.64904782811479,-1.05732798839292,1.09589723441028
198350,-1.34992683009536,3.13805989766485,1.43572353082036
198451,1.89022823737366,-0.216673795937558,-1.52859739330568
198653,0.253911386978871,1.43611927910882,1.05897649866251
198855,-0.849646806337887,-1.76105678454749,1.23030900361563
199150,-3.66131853539384,-1.58293946307692,0.466369544042939
199352,-1.21802062952784,2.94477600557032,1.46487405347545
199453,-1.71679243802918,1.19984045355691,0.224750290418058
199655,0.591283154716104,0.454250739223173,0.429092085370803
199958,1.98688150835828,-0.973422768799972,-2.99750937432432
200008,-0.405413129675423,2.52562114235798,-0.411616562332578
200109,-3.35601488862416,2.73765712968279,1.45259945108551
200210,-0.868599800965875,2.75196058698618,1.81836090723155
200311,-2.12123606963401,3.20566153912405,-1.14391048205345
200513,0.924529974185614,0.924636550506007,0.176623885997297
200614,-5.42602935337839,-0.281405725133609,-0.92633881247238
201111,4.30710998216329,-0.492162286059585,-1.23244048405328
201414,-2.98860910541759,1.61067555635738,0.145369430384538
201515,-4.91360919919876,1.71471578529863,0.825294580478065
201818,0.193303470613482,0.815539479767374,-0.581389501738156
202113,-1.25750105532794,1.95846246831812,0.954681129762794
202719,-7.51937512552985,-0.111709127744085,0.288162336841228
202820,5.79928109416813,-1.80937301913042,-1.17933432739587
203418,0.780498301766703,2.93784916444785,0.883344790982702
203923,0.339892862540003,-0.16846561777127,0.322681007316884
204016,2.05171257950101,2.33991916075226,-0.0128644009391927
204218,-4.20206483432872,-1.65756629454255,3.58810030641522
204319,2.32689150828457,3.13707978358029,-0.404166025824019
204420,0.825448701300691,-0.573164418992193,1.74180357869453
204521,-1.6687237963469,0.496403213433906,0.290019651528527
204622,-4.22731245472664,-1.44362432589349,-0.336243078221051
205119,-1.8006974153601,1.13814507145478,-0.190911121038283
205220,-4.40411175314817,2.10124431689463,2.08742456758298
205725,1.37931940323724,1.86005276487202,1.73090719624016
205826,2.01880869598037,1.73268429829858,0.70087459429487
206323,-2.58817906378746,-1.94149598238532,0.314688682359115
206525,-2.15309645065395,2.97993389957631,1.31970789734979
206727,1.41266793737545,-2.9198313232216,-0.14390036621424
206828,-4.55740555751688,3.43597715740585,2.8529239705997
206929,-1.24529351844292,1.05678359098246,2.2185712896868
207123,0.0293465080376946,-0.587263225092225,2.72810957371463
207426,-2.526486023579,-1.82855997463417,1.74220462930207
208024,-0.333150479232664,2.05192330444292,0.572956031259736
208125,1.80956513253276,2.11047898528836,0.0833100560189972
208226,-2.8459114628799,4.10803511370505,-0.59412914969092
208327,0.47521010515891,1.02162536945994,1.11413468240206
208630,0.927092774110173,-0.831730580637375,-2.84161050247696
209127,3.25441321556281,0.450136382959378,1.12544020906986
209228,2.05008479732639,2.42242442737642,1.13648607390027
209329,-3.21411580374467,2.43714447078784,-0.913944159226662
209834,4.63849444729816,-3.04005407724409,-1.74639366355184
209935,5.50842075670443,-1.4163757493315,2.26237424356013
210011,-1.80261551252683,2.76883211099662,2.27505147011636
210112,1.76476414391222,1.29569268796123,0.684882205803633
210415,-0.204912192933913,0.364688160718831,-1.98310630889705
210617,-2.07973311674758,0.0424828610466435,-1.35755313911465
211114,-5.50147802960238,-2.0896617079616,0.0697491323773895
211215,-1.30200652519983,5.32769228498965,1.77119919995262
211316,3.286931129606,-0.320157865812445,-2.98590986564842
211417,-2.88679678135081,3.32829876179651,0.435260730644393
211619,-0.568763882098656,2.46228280355771,2.01214272472594
211720,0.149750082143129,-1.02108858362192,-3.81983761681207
211821,2.32503247101575,1.05573946105409,1.41059062021977
211922,1.45869021305371,-0.0174969554858721,-1.51614059209535
212015,-3.51764767020301,4.73381038561273,-1.23426715468047
212116,-5.97585292806105,-1.15183661967976,-1.35562728999738
212217,2.38491584204972,-3.34761602995837,-3.353869513716
212318,-1.34315692046426,-0.681897597114292,-2.4497328249881
212419,-1.02276256124322,2.63618006427121,1.81473391805669
212823,-5.06169154703435,2.0539592123648,1.00418309126039
213017,-1.00343136510287,1.6701981367343,1.04480770851386
213421,0.990141574385099,-0.0956609228769913,0.307599218932338
213522,3.48275533547224,2.26937506805949,1.38171851799904
214019,2.23781566692728,0.567412346107463,0.640231108540846
214221,2.6328916508884,-2.5878603326884,-0.648861029090437
214423,1.21602511164968,-1.48036855343889,0.815844866445404
214524,0.819384349750548,1.80675974382815,-1.23832047563242
214625,1.11266134887976,3.83464617525737,-1.46066850943208
214726,-0.0343060986833223,3.1660867195021,1.54582574502066
217126,2.95872543663363,-2.72932434615051,-1.00713198875786
217429,0.352377714861622,3.09773319653905,-0.937074165441534
219231,1.25282647267087,2.96795562348063,1.13905337533765
220721,3.34796885676529,2.88499737686271,-0.114729137590977
221319,3.46829838785662,-4.85152242862899,-0.622971073246362
223929,-3.1707213942573,2.89585465282333,-0.155678962603766
224022,0.196826635730764,-0.830443666171015,-0.111028991613282
227432,-0.204700395155606,0.935165736488649,0.161058404323973
227533,-3.59002969242074,-0.4917165906311,-1.09369876406424
228434,-1.91061876925816,0.340384497378613,-0.146193770783482
231928,2.32427456993296,0.142260768955903,1.16324111697342
233326,-1.64689642821037,1.89784668626175,1.1387893954602
237334,1.12954015150255,0.128812938463475,-0.779666673753105
238033,3.95124759271557,0.644734601080307,-0.557631117945142
239136,-1.52550228569698,-1.56036781140995,-0.0620658770827891
239944,-3.09549164065828,1.45341346499176,-1.84206920918065
245333,-0.205878053485355,3.39505600321114,0.363908255972454
246133,0.638554550388166,-0.686822884925392,1.93969162147656
248238,2.32897015665856,2.18679831908097,1.77295921262777
248339,4.5307770797809,2.67957140967293,3.56223018043138
249947,-5.65802909839317,0.886461134867783,-0.7981579106059
250427,-1.53116894328923,1.30075952306957,-3.37529794048483
250932,0.937142059843931,2.12840492790709,1.42643490147145
251833,-1.61933704326162,1.68551206596562,0.150467471110395
255639,0.0246124611421393,0.722957358716128,-0.564865920566699
255740,3.12510608269675,1.40258032091091,-0.00577990935812007
256540,-4.03006475957942,-0.4515308048766,0.262549852774903
257542,-3.72910723668259,1.91707774502415,-0.569832927147698
257845,-6.3128597312216,2.7194474328864,-1.40853067010022
257946,1.92185655692996,0.393913404862903,0.376727206594645
263436,1.94821734879925,2.4867697097788,-1.74532106636668
268749,-4.89124511642925,1.38772389636989,1.36624665972596
268850,-0.303484994744038,-3.60685030163197,-0.0753364115837021
270332,-1.13723981791704,3.4700196290648,1.31217976086362
274542,3.37992731377407,-2.38300940594955,-0.0952858012607374
275645,0.506006112830471,0.988413981246448,-1.04282137954875
280739,-1.53864397977128,-3.30213737507674,0.665698928183862
280941,1.894529065753,2.713535205378,0.86176925593453
281135,-3.2952064656395,-1.02750213182865,2.1152685901413
283543,-0.246570635442481,1.35215796430125,2.49376341680654
285345,-1.76421102968253,-1.32464689100198,-0.730204030066789
285446,-1.55935413154773,1.04868199365702,1.32503945433796
286347,3.18034309343951,4.74470403559824,-0.76224669232385
286650,-1.86799231582508,-1.5938081395025,1.5157648104465
287248,-2.65810014535906,-1.03165591746334,-1.03661904205611
289555,0.183922884738647,-2.8862665033832,-1.29091137688131
290136,-0.0658108124649116,5.27366527220398,0.648978947084731
293748,-2.24745518793245,0.647826654245477,-0.0300540428207248
295146,-2.28585315712343,-3.79830391321812,-2.1302021722302
297655,-2.09488801006821,1.19078839106355,0.523345695962066
298051,-3.03877481353395,0.388930185123395,-1.29228127816685
298455,2.87097723076719,-2.67882662082137,-0.921772688353202
299154,-2.98497201985211,2.18679958099569,1.43868005824885
299760,2.30655187818932,4.72781571143654,-0.18791840487471
300618,-1.48679487385557,2.60760999105793,-1.76594625787399
300719,0.526235104940522,4.21972940174927,1.54398804456839
303119,2.00780904356547,-0.316121321013424,0.666499511056684
303624,-4.60216290069601,2.89269355108273,1.94879688578155
304020,-1.69511378535557,0.110179833444435,-0.202242817196648
304727,-4.42798197066971,-0.169076831032944,-0.234854653939928
305830,1.21385425905869,1.80290837115199,0.994184612882827
307127,4.41300368553705,0.837060031448256,-0.810146963452071
308129,0.91784169110996,1.4476947525148,1.23979361046216
308331,-6.47875266475991,-1.35152478162526,-0.864712141425399
309636,-0.744299368021359,4.50950210539791,0.901331236931921
310621,-2.22765011531445,1.41488898205032,-0.514875131710909
311320,3.47784732878823,-6.0255315572767,-2.57999062342137
314225,2.44675828797311,-4.99667200707323,0.51985090980305
316633,1.16203704791161,5.37363231474317,0.903008548007441
316835,-0.620279369032062,-0.326390756447524,-0.0562059286496615
317332,0.666386730119238,2.54284844683972,0.777485441477166
318637,-0.96996040995141,-0.283802977111818,0.502671629150276
320826,0.523515562534383,0.992731107205492,-1.33694737343618
321323,-3.44884759224639,1.722723828832,1.29259495655255
322224,-2.71348376554801,0.902114974679855,-1.3763996988515
325129,-0.0597290619333686,3.67103330885257,-0.318375132530235
329440,-1.06142314980957,2.99602395651637,0.497936224518402
329844,-5.52197975666328,0.846658561723626,0.774568161975535
330324,-1.93465171807463,2.08580035633657,2.28320354323874
333330,0.125669371385274,-1.23388537948678,-1.21828360967719
334635,1.02829849082843,-0.23607154808053,-0.780329960911656
336841,-1.18870280236697,2.0743038663804,1.3031240323454
339847,-2.37986987302863,1.12623269358529,0.750716873702651
341834,-4.04136670164234,2.69225352992284,-1.4103441389029
342129,-2.4533252954948,2.11123723406676,1.0273343921567
346137,-3.5358491656029,0.53032370533488,-0.814933538586228
346945,0.0998908200077473,-0.680372850968128,0.702200679581294
348545,3.31179761277385,1.72136737674536,-2.26035851229586
349244,-0.50379576606243,2.07666121727312,2.17581169805459
350330,-0.614998204469123,3.24995353348326,1.76386533609608
351938,-4.59922531844436,1.53018056660181,0.435393930054508
352132,0.276394251976202,0.779576000860039,1.84836159981722
352738,-2.63184451723786,3.27994959433585,0.297692427635602
353740,-4.65220268966904,1.18458042323504,-0.888266579101429
355239,-2.27801813400125,-1.41295148210254,-1.66004346746012
356948,-3.46878718206963,1.64912160960996,-0.0970031215846573
358144,-2.78623637828755,0.0521588596917039,3.13879464472119
360030,2.51098296176055,1.90475104626055,3.39011975895026
361234,-0.314499530732012,-0.347528151624476,1.82785915915028
361941,4.72283346236359,2.64588412740957,0.145051633921399
365343,-2.64242085358564,2.63540996502983,-0.193212892422449
366042,0.301040676287528,2.77576680134472,-0.160876714425743
366446,-0.166500992246385,-1.07284480851136,-2.09214835618636
368551,-3.01149443245753,0.0461951508283044,1.05113894576316
368753,-1.84129339900018,2.76261805154989,2.03067881696043
371843,7.68860790407439,-0.629296261723887,0.384265791265275
376247,-0.592227994102862,2.68336455268685,0.310797172552889
377451,5.31360423190226,2.11574193325362,0.274048046964561
378756,0.708931458785559,3.8877768367196,1.29914357757953
378857,-0.662927712234826,0.168605554654851,-1.07019365118404
379657,4.11301145718032,2.24510377092161,-0.0718197078163239
380036,-0.282422483182088,3.8724197392906,1.25802026756
381038,2.82370743999635,0.0526089964520032,-0.412537890267682
381543,-4.53870905127505,1.80905827086686,-0.761380311814032
382242,-2.75682022604128,3.13022300375642,1.07917246980543
385046,-1.83765023274932,-0.377989067359732,1.77652196669578
385450,2.70738389457111,2.47612173036322,2.74741875600196
386250,4.48985839216838,1.74923393379695,0.264997708675642
387959,-2.99423881779261,1.02346165775677,0.515950348001751
389357,-1.2174382354206,2.0467411663514,0.414282815989252
390645,0.91104924198027,-1.12346907705534,-0.0692464599249409
391748,-3.02372376878899,1.42796725144008,2.77225071147308
392447,-3.0849631398521,1.14959479777328,0.65527258365485
392750,1.28663120146641,1.48516103418893,-0.155113300976506
393550,-3.28222673714813,2.58435566549863,1.87358288143318
394956,-2.56217560111582,-1.59875235445492,0.767469316789383
395251,-1.611084280743,3.33422181267612,-0.281909871728007
395756,-2.61904210237258,0.650515178563909,1.36653137207577
395958,-0.183999072380327,-3.98050256007241,1.2569778382011
397154,2.36670443139556,3.83459861759099,1.39612820946838
397760,-2.15245350052403,0.36479495102675,0.0589363819455091
397861,1.99192576159426,1.15660264143765,-0.244028450049436
401422,-1.96808520037452,2.45200296376487,-0.0437531520376316
406432,-5.32423411089385,0.269737611246593,0.359712398400973
406836,-4.79049163709369,0.636515021683382,1.05214155116093
412528,-3.90358028868369,-0.186922516179242,-0.173133078748945
413934,1.96360079276482,2.0589229944937,0.410328880957789
414229,-2.5494735854773,1.89681402181615,1.36238066772965
415837,-0.630454562334179,0.0795060608192592,0.931385136665883
419239,2.48171321599706,-1.56011042955159,0.369792957698166
421226,-0.209688138124829,3.62500758346541,-0.127922660965917
422632,-2.12333256577978,0.0953600114466094,-0.0991607655266722
424939,0.926230871846978,2.76655763519848,0.421349027117467
429040,-1.37623390826615,1.95152415581738,0.0398046362046934
432332,-3.49829649897082,2.3187134397986,1.07111652064068
433839,-5.874708432526,-0.993629238009517,0.854853081158433
436239,0.782203854349273,0.472029836216262,-0.381942316146316
436845,1.01456743896724,0.249087304586187,-1.70750522629861
441939,-1.70801065679611,1.98641600230064,0.686895974370536
445543,2.85837671207012,-1.27504064318605,0.174446718401275
448347,-0.760697743603971,2.08035876454895,0.542291172010061
449753,5.56369163405998,1.94220533442549,0.912649536362918
453441,-2.8906652503634,1.53311495223032,2.19146643615392
453542,5.97228106753662,-1.77952896764397,1.15337356132946
454140,-0.392509267838235,-3.15683643456826,-2.57163496398289
456346,0.308323628607784,2.26228922767007,-1.02565247928406
459453,0.69754250089547,-0.57881046032991,-0.241564659095052
461743,-1.46352914094076,-1.27098887393127,-2.17575739149477
462139,-3.17291114760027,3.12613076203816,-0.635789565734768
463040,0.534893587789401,1.14834866505307,0.817610177558739
465852,1.83389594038287,-2.76180781741608,0.750954701367022
467351,-5.6994829899646,1.85646673509546,1.3139678083177
468050,-0.810117249196056,3.0818785571969,0.530921263458313
469961,-1.94643988864628,3.29002374358684,1.5557522157777
473952,-0.743489675252722,-3.43619837337825,0.490468761820066
475855,-2.70100669811918,1.13314551257919,0.915546248950816
479762,-0.211719235013815,-0.0393737535159677,-3.52956722480944
481042,0.0976691878224183,-0.357809585042489,-0.843959678109905
481951,1.5120185109478,2.3630754519637,-0.38140621404608
485757,-3.49877553268438,2.03460149816849,0.11998509585899
486759,-4.37751842479555,0.821777191469291,1.65400134324976
492754,0.302254356474028,-0.549041221916077,1.32731020357738
495255,0.613831393745175,1.01788490204567,-2.0529306123151
497865,-1.34920570211666,-1.08361450187639,0.757126757663385
499566,2.36428306833827,4.52416191576666,1.46225743104442
500222,-0.47439823965424,2.03189533440113,-0.871175208159496
506234,1.53728934337481,3.20968250585772,-0.191305059204749
510225,0.820390971398491,1.29358913956503,3.10129753489479
510326,-0.802570193739358,-1.30048818726928,-2.81254096511606
512835,4.62908394114159,-0.835010406852469,0.475687206325792
513130,-1.37042334374649,-2.63230544668,-3.76753487253525
513736,-1.36751727730708,4.00493535172988,-0.281217497295536
516742,-3.75527132102384,2.24383988915326,0.388131577550249
517239,3.8870990605876,0.70651722050501,0.0533176205281049
518746,-1.01966384130963,-1.11340722975674,-1.30516279221104
519647,1.48285025325533,-2.14030699930519,-0.852334882047075
519950,3.56378723338617,0.343023643040499,-0.0244829982531155
520228,-0.165944597112639,0.284456874825932,0.358877193858135
522434,0.116594256279393,2.82186814336124,0.151653101550329
523032,-0.666535585342943,2.23084245631247,0.0163965255801582
524135,3.96804455271216,2.92704566534421,3.85149245030275
525541,0.286259532242421,2.4547364984666,1.94787888258386
529549,-1.21090047351512,1.06328788146392,1.38877508964802
529953,-3.91269572241665,0.238968433723033,-1.20178395020886
530635,-2.29346886109495,1.50768001075434,1.03773208287541
531536,1.47578468251044,0.405268882035041,0.49355975132694
531940,-0.899384045735755,4.71104920955856,-1.08446479865024
536647,-0.814539508101099,-3.12061106520523,-2.17847247297018
540436,0.00862827926628947,2.27745441699558,1.86501712929281
541640,-0.542502557246338,6.1912634082078,1.33388166501391
541943,3.39844825909519,-0.669050134969973,0.85823785000738
545345,-1.2485026005331,1.32271169252303,-0.761280018397639
547046,-0.749371782842648,1.0173245903197,-0.0429722582307288
548250,2.90547211527496,2.62077044006945,1.1814571549801
550439,0.62428748208362,-2.91358466107143,-2.37817556590964
552241,-3.99015491716994,-3.40834461678032,-0.479774824868863
552544,1.13752103909534,-2.33946134623861,-3.52210908371539
553344,0.52188424224849,1.86463614926522,-1.57854147200459
555348,0.00719723426998741,-2.65520318234117,-0.368861634750242
555651,0.271351697842386,0.381630576142986,0.190371579354241
555954,-2.1965232158272,-0.0896478220015509,-0.236917173613938
557857,2.61110416984521,-0.681884932796584,-1.20127350397723
558657,2.42028730063991,1.61759327821523,0.704329205719666
558960,0.104644018463969,2.45145237432079,1.55448933218639
559053,-1.2945947045921,1.13628691219746,-1.14516462124083
559457,0.400720628772669,1.72878782532847,1.23168177467005
561242,-0.238189742941258,1.7641787827998,-0.639638315962414
561444,0.182797093934701,2.29906120748054,1.83436937922697
561949,-0.786099599186269,1.61038696939382,1.89539966148482
562345,1.65047154332108,-2.83003632428134,0.313428560565928
562446,-0.612011920369355,0.933075323785341,-1.94091060867399
565452,-0.203741912697151,-3.01920049175906,0.467853780780311
566454,0.183407865627905,1.22741104636156,2.14580688503131
567052,1.15525766149051,3.5892701488913,0.678307781472539
567759,-0.106098202296905,2.71963222294332,0.660084211923591
567961,3.60520841302972,-0.838022426887019,-0.295577095242055
568963,-2.55196226157449,0.152735037728816,-0.425797593688796
570243,1.13383888353684,-0.0772247742141525,-0.537788712122083
571144,-2.35717671298608,2.01001727071465,3.00069563366365
572045,-1.85317145875449,0.264241432760267,-0.332335744551717
573249,-2.682183566701,3.79897787105531,0.395541868309344
573451,-3.92772219656153,3.1225722426316,1.65279365356366
576255,-1.43491933027816,3.39643507130386,-0.859410642182451
579665,2.60578523217293,-5.211790004602,-0.448542051712791
579867,-2.06170276126629,2.60092575741009,1.27034274935332
580044,1.07166074655129,0.0632151523309854,0.625994606074647
580347,3.34094105809919,0.556485381778894,-0.87395879721957
580650,3.28240870976915,-0.447455460757895,1.62188316066064
580751,-1.73287484206621,3.65390158772508,1.58519574012532
581349,6.05985141997175,-1.81263518236032,2.507832683635
581450,-4.99497068445809,1.89953870426549,2.49291116780478
583858,-2.16996775331969,-0.871718089473103,-0.0943874106390195
585256,5.0128048167013,-4.35907341293412,-4.49222763538393
585862,-5.35068562502595,-1.09409381191749,0.316314483794932
586460,-2.92401111172659,-0.736189542335822,-1.04441497821544
587664,0.759530987325169,-1.08536328229669,-1.03213650741037
588565,3.0973149726365,-0.892647941784166,-0.359411076568692
589567,-0.933202347745844,-0.294270892940398,2.5740918280054
590047,1.98498231840409,2.41983993178817,-0.458177693738833
592455,-1.46808761809631,0.511217503176246,-0.833471678426396
594156,-1.19437109316347,-0.31158394258123,-0.320869317798138
597869,-0.522625877164276,1.11114343687201,2.38645718617958
598568,-1.54583758417394,3.3607892861942,-0.52375749151222
599065,-5.16943536022991,2.51153377604998,-0.656518422777515
599469,-1.62282019265966,0.820091950410873,-0.5401255554941
599671,-2.68507593742267,-0.531724267453707,-0.343456970485906
601127,0.781333527219223,4.36623999367853,1.4233910926046
604537,-0.817748161947294,3.3590591666251,1.41115741462676
609143,1.23358450769088,2.66292209973563,0.56986565574613
611938,-2.54579839040891,2.41759342535152,1.46911679129167
613538,-2.10534755958459,0.831881268747583,1.31587089951454
615744,-2.94664497524409,-0.949635035734408,-1.62239715007544
616645,-0.403075236570405,3.32563388744762,0.268974026197176
617748,4.08486983137213,2.36369860052532,1.15695079781008
618952,-2.08367928246007,1.53611229505717,-0.84923564007672
620434,-0.0666566386234675,-0.479482591820603,-1.27583936872645
622236,0.396671835049821,0.0862816263313398,0.196027678156193
623844,2.88472256861421,0.706781469190815,1.91809800630454
626648,0.132829507757285,0.938335609031754,1.30676894815986
627549,-3.84584022878852,-1.12290183018278,-1.54964295163917
627852,1.59506659303308,1.13876311649717,-0.659844628340574
628248,-0.27843703698691,1.87100039301488,2.47573713226346
633847,-3.71585157836207,1.59811877437563,0.417488280807402
634748,-1.18438174823375,5.45353561104801,1.65146900724689
635245,-2.9771244099416,1.19822418347245,-0.29592308152461
638049,-1.10377575037344,0.246168303307108,0.34793772744721
644044,2.26785691669632,-2.10722503310533,0.43927703554171
644246,-2.82034508371639,0.737872106265863,2.89640018486157
645450,-1.29827848126493,2.47001076055919,0.395146292903703
645551,-1.3233515762114,1.28850442039434,0.438890657156032
647858,-0.871342642569177,2.04072861537322,1.0826659564712
654350,-1.89354355865755,2.63823408992925,0.0114032490939313
654552,-1.13046346405011,1.843355992171,0.236819671806778
654754,-2.03340106136532,-1.7237642616782,1.31721839633738
656253,-0.446514091176975,2.94498617832385,0.230082806037234
656657,-0.340821962605257,1.29443175947406,0.643422864847306
657659,-1.98179202132275,2.4327742545015,1.85981881621641
660951,-2.99447594477023,-0.864175328203637,-0.623153335285497
662551,0.0961270561361575,-0.954611597150378,-0.922420518192778
663755,-2.85612247438551,2.1059667389409,0.912296545871866
664757,-1.29872896837907,-2.28078512164576,0.633341730864286
665254,1.01154466061284,2.59708422882689,-0.668213808886805
667056,1.23242587118874,0.972757534127102,3.18589911783431
668361,-0.253743236168645,0.45928283455003,1.93399276830841
671855,-1.86590813608467,2.55572576622162,0.817626359182257
672756,1.83568211236826,-0.247348432969095,0.74352883998229
673455,-3.30956162580848,3.83553583268403,0.702315988195203
675661,3.06873844839394,0.824051936707816,1.25877390748996
677766,3.35214806143387,1.26106705386101,0.410772663429797
677968,-1.85187652302236,1.8606480214175,-1.2600962860189
679568,-1.9742949656174,3.74827976661017,0.658240708348487
679770,-1.18428414377292,-1.41502940345335,0.625821389706274
680250,0.901867575468636,2.97721954268306,1.54690399595615
680452,0.424198445457187,-0.326562906800163,-0.605845686838399
680957,-0.711306886870707,0.752533912109539,-1.35097975123792
683256,-4.22287082800372,1.38679302952062,1.73466948098776
685058,-3.13126742180323,1.79292089589319,-2.59344959706595
686969,-2.90910501442453,1.32338131157953,0.551705170984694
687163,-0.573241587161862,2.35285198332461,-0.0933067008061594
688569,3.96177354013562,1.85068574414397,-0.328889138984942
689470,3.33388858772892,2.05082482496999,-1.07192372730762
690152,-0.772825261975668,3.99535051347496,0.765962574343255
692964,4.44410348269361,-1.16595157746543,-0.31615073156337
693764,1.31470538714289,1.25074089020084,-0.0898334355650424
694362,1.0476595131779,-0.359645334801642,-0.629967074314875
695768,1.62103668380648,-1.00497336037759,-0.962212866946421
698168,-1.15303571113119,1.88581817300789,-0.340550403668456
700634,-0.536093521004759,0.431162638581442,0.0184719317477993
701535,-1.82068772705073,2.81893717326845,2.27507115026645
702133,-2.25565528975073,3.20716135024496,0.850014081347454
704238,0.819263845687501,2.86121979828474,0.52615930468231
705341,-2.90044980405963,4.19954485392798,1.11617855161703
707749,3.11483439151781,-1.32048240116555,-2.02514696594398
709551,-6.8685529024543,2.44022692475932,0.915473381514692
713239,1.26911433672773,2.73693661511904,1.65310152980283
715041,-1.3661869804636,-2.86445356303961,-0.246643428574972
715647,-4.24719969845074,2.63150071461884,0.528215492383493
715950,-0.871370831173606,1.80785965723789,2.22062140803465
720337,-0.633086970041629,3.14812026033273,3.18159201714213
723141,3.1629384029421,2.59725540682868,0.0874473975232481
724446,0.535920604017248,1.62140610112523,0.963095200573815
725751,-1.17417856529502,-2.49983349101547,1.73252518829515
727553,0.561316070260278,3.54302716917809,0.243602857906976
727654,1.30702718888871,0.9248746920844,0.0808405767524956
728454,0.389050637487852,1.02605681733158,-0.0926120694146847
729254,7.70077850335335,-1.66605083522247,-0.350917810358349
729557,3.25634023668074,-1.12847498960655,-0.00312772865429883
731140,-3.30545425678467,1.31702183492131,1.30547614492216
732243,-2.23678631809302,2.34716617980399,1.23727831021493
734045,-1.97213607813518,2.01362770157106,-0.485899679093337
735148,-0.94915468158747,-0.685308244739402,-0.600005522218229
737960,2.73264046342962,5.26386035901872,-0.831416527769693
742549,2.44496606075216,1.01683224054199,0.556629128421305
744553,-6.54499057439835,0.127361319323068,-0.668519607578928
748258,-2.36521971470279,-0.548977415954655,2.15636622626945
748662,-0.21757497966377,1.34530221824332,0.18397618751704
749058,-1.84416883430258,2.83747248286751,2.29538162721828
749361,3.00397351680187,-1.0773702589503,-0.352334289651326
751348,-0.979947108534209,2.15528597228225,-0.854207304207885
751550,-0.838637013279897,1.74457474144653,-1.02181982427087
753150,1.21623767118055,2.94678406592909,1.53875121728415
753251,-2.86201968076402,0.519711949844869,2.0492800876728
756055,0.201355718268887,-0.422470363243574,-0.188768391625764
757764,1.65622661132599,3.97755866780179,1.55702880953433
759869,-2.1233481846968,1.35643244851249,-0.776938971506889
761957,0.798909297987415,3.45018788684293,0.330964108220095
763557,3.15797256803077,3.5000587754608,-0.490135206041224
765056,0.188890466665334,3.48695606198436,0.100045433234044
765864,0.689352675921068,3.47572153431821,-0.39332012122814
767464,0.236080507786956,0.956219813594333,1.35999547554515
769064,-0.615186512337276,0.948348181855539,1.01222542557957
770352,-3.12149161778718,0.779872589579406,0.709935728087061
771354,-0.189225562140823,4.46675702465706,2.41530501217157
773257,-1.95401541295119,2.22295008186015,0.902471004758085
774663,-1.4183497205746,1.83536889897163,2.61172475539673
779370,-0.791866875905432,0.490473947884621,1.59475522083964
782561,-0.810021138323733,0.610233544005062,1.3789079643039
783462,-1.71381485450179,2.29585957917317,0.669791666437317
784565,0.192887597640056,1.49421660420582,0.372682748639167
786569,2.20690064761468,-1.28770258058012,0.0230298423587127
788674,0.0273984006859071,-0.779294882167555,-0.456417377229351
788876,0.947522538839778,-1.73838051050582,-1.13645715604053
789373,0.337617587577982,2.47627595806159,2.20759105529423
792564,-3.34731945755938,1.18353595633213,-0.867822659567542
792766,0.684388058788889,-1.05729819296227,0.620390921600561
792867,0.651095437520894,0.871603033165299,0.1640090031017
793465,-2.43684786812897,2.35311020320534,0.610878686092857
800941,-2.73714229032561,0.223398401608011,-0.0638437565128753
802844,1.28837950307128,-3.23466991198487,1.59202395135536
803240,-0.579415279514199,0.824372351340539,0.422460507308825
809252,-1.40647929764217,1.94369785751205,-0.0807023434308468
810843,-2.14270351740678,1.0030946984081,-0.308596179810527
812746,0.316056737163459,-1.45951032157821,-0.700097928866572
814548,-4.01427408972684,-0.177821366819909,-1.14916741947223
814649,-2.38692294701957,-0.743907747304901,1.20835561057927
815247,-1.02080816591556,1.27409297704204,0.0441716102067992
816653,-2.0665879139684,2.66165517347838,0.618361619538473
818455,0.419231847519568,5.57114231101965,0.133485715603255
818859,1.76436755482651,-0.0415221340350596,-0.317786157338
820745,0.872265359964785,0.357145459131177,0.914498548410513
825048,1.14589564146144,0.0652156001517808,0.122038792865921
825553,-0.0603778322766165,1.59287683504596,0.532335867258498
825654,-6.24387427864335,-2.25738208237472,-2.69789038530933
826353,0.749450092138722,4.53305942364418,1.29842757081294
826454,-2.94823372241508,3.64107159670359,1.19709458953563
827052,1.1272887292337,1.98442792030709,2.41630497673072
828862,-1.25657673050578,2.42532296028301,-0.604141667606074
832651,-2.1925743391226,1.52646382577057,0.624014451027516
833148,-0.812371091594258,0.0539421935399497,1.11679943427277
833249,0.710641065604599,-0.135622526630383,-0.0474694094308586
835657,3.18041484418413,-2.2289794401213,-0.923244681313143
837560,4.26485702717834,-2.17645537713981,-1.84535764282001
837964,1.35258792070568,-0.0399457227823688,-0.371829079969764
841349,0.32757241408363,0.42308460254943,0.033319167240341
843151,4.51594171317508,1.21178586794387,0.15004711576549
844961,0.133677004446513,0.0914700537653687,-0.544572266059088
845458,-0.447297539335198,0.553306976777614,0.107296172413223
849264,1.54978614312724,-0.751137345470238,-0.159608447569592
849971,-5.14738565737659,0.36715546845524,-2.54371294634986
852455,5.758269155264,1.24662326913605,1.75137184113451
856463,-4.79713906655878,-0.844399816593108,-0.775201523846974
856766,-0.811823131451215,-3.29650037167088,-1.40435621153296
856968,0.685832883039374,3.76862481691071,0.895641169971471
857263,-4.01382032144294,-4.07524218107386,-0.0383462910922515
859671,-0.199602265803758,1.44129845030781,-0.440548747583856
861456,-4.38263097165195,-0.831847211270303,0.856565137429663
865363,-4.84494091931075,0.731608392656857,0.0959268325659774
867468,1.09154485933947,-3.24003566753465,0.00254719381058121
869472,1.27305120819265,2.21952380043734,0.729498364118552
870861,-2.80419219486301,0.553097517647043,0.0989864494535224
871762,-2.91494391664032,2.40163549040142,0.55118498937028
871964,0.804816784944707,5.32912100251199,1.50509675602254
872158,-1.27155178296857,2.82687809127289,1.38397953036069
872562,-0.374605855214478,1.19618886168514,0.0676916573048187
872764,-3.48792369058519,1.32049910325536,-0.365701752835
873968,-2.82920824808767,4.21731334235422,-0.724624730113141
877269,2.57730939489709,-2.40771344914859,1.91076874647857
878776,-0.240407766159795,3.28227709143515,1.26365468364623
878877,-0.0499749782784306,0.81225206141058,1.36527983680579
880157,-2.30216770733049,2.81478721398961,2.26686753226008
882161,-0.127871269253499,-1.21328819566126,-1.79866669947901
884064,3.6914493197875,2.02042421561501,1.54123302653453
885975,2.31829048823426,2.55083997265253,2.03161002713824
886674,2.18700118354697,4.60808756975574,0.930102648250438
887373,2.08766845187054,2.91962090545023,0.701449495702701
888678,-2.39372691063994,3.13377198370485,3.27384400207041
889579,0.0107548888832096,0.134811375258522,0.645579553803622
891667,-0.684997531164985,-1.29554435328942,1.73442607144024
894067,-2.60891110108988,-0.209141904087514,1.36229339765724
894673,-2.42503372664423,0.826541110863597,0.0798322062183899
894774,-5.35037767779301,3.10553187969596,2.81907519669302
896778,-0.888536095953685,0.0444834583995337,0.802702246164754
896879,-0.931965143329224,-0.27693946538569,0.239198664206168
898176,0.52053430074845,1.40684335749394,0.711934540266759
899885,1.83934159522837,1.38293669268909,2.48324398089402
901038,-0.167097405302189,0.126217301865111,1.16462097905287
901139,-3.16401639487657,1.84015812681901,0.535988807564806
901442,-1.93542320207737,1.04133614644751,-0.665002816252171
902242,-0.292089157531325,2.88944005694644,0.358958757435863
904044,-4.77945432066509,0.451688016610311,-0.543132973106413
905147,0.4603272227488,3.5484007789762,1.45221998837821
907656,2.49754060579093,0.687594829907309,1.80219123915541
908860,1.70759831203354,4.59891743784047,-0.600310660202851
910241,-0.25648071065424,3.04243417725313,0.618549651481259
910443,-3.75644963775288,3.60659848681042,1.260344017483
911849,1.61855686704142,2.62799029505785,0.697974556519307
912447,1.98760214948667,-1.69035810413414,0.20928562081423
917255,-0.822681188198889,2.729165807447,0.0279589777859553
917558,-0.0964701541447138,0.836022054125027,-0.556956714504724
919966,-1.72434186948496,-1.96817775617581,0.248584874078435
922854,-5.5220291787365,-0.371363349144124,-0.047766739039856
923755,-0.75029313313494,1.8439490099894,1.25222108277972
926862,0.1965061595298,0.188176144605798,0.093913483892753
927359,-4.2203193942821,1.46705557931444,1.39178259277582
929464,4.43332267368978,1.16515043330634,-1.33333648717056
930449,-0.833544732516037,0.760773932850215,0.652718757525384
932554,-0.571334093353787,-0.0492054650506471,1.7833965843651
933253,-3.25388884197681,2.6634902330917,0.99716200651506
937160,-3.03468588989594,-1.87437562059223,0.448197375008812
942658,-4.6829352034466,2.98341797771317,-0.784195602814199
943862,-2.52582030102263,1.51727568775462,1.01478472711038
947668,3.85890965847782,1.12855547731038,-0.458809036726172
951457,-0.226760108500246,-0.310554991705139,-1.02262863579122
952863,-3.79604538861842,1.97613753835381,0.377577175921981
955465,-1.02039073964082,0.213762940854048,1.05733122913948
957974,0.25102706444649,1.30206971784552,1.79517127919238
958976,2.72003655014086,-0.240594815907497,-1.17906404259321
959574,-0.535685643194023,3.8836012741775,-3.3073938736648
962058,-0.895808220733354,-2.00710833919521,1.30867340521895
965367,-1.87907890947331,0.544306331660823,1.99214383777744
965771,-1.38412531273405,-5.80939510091924,0.885682256559266
966975,-1.24591541247532,-1.24958371045667,-0.330559463054065
969476,1.72051025915436,-0.316110117358924,1.58710856802631
970764,-3.1747993709285,3.6719307993517,0.192669917274391
971160,1.80582576345624,3.28221958969549,0.0643609781514571
972566,2.32753789720998,-0.448285611772536,2.18192243491853
973770,-0.852348219180066,-3.57532855758972,-2.51010967005667
978578,2.35170386112151,1.4503469483154,-1.12353121916517
979984,2.36791432114415,0.0317667681651222,-1.57723238966033
983773,0.50911483892059,3.26461747360245,0.615767179278176
984472,-3.14274219547488,4.54654412149383,1.46307349237943
987074,-2.47805567977949,1.86729019648483,2.12088772483337
987983,-1.16391987095429,2.08408856583346,-0.636545356671235
989987,-1.83214510211001,0.861922553767371,0.72444439109314
990366,0.191100453566289,-0.934477815989572,0.705488485193119
991267,0.257908682282484,2.86367681783971,0.560550956410311
992673,-2.00363821220096,0.172035774159236,-0.216569731129445
992774,-0.946702304898128,-1.65281550882376,0.977373574837423
993675,-0.067222275108167,4.43937921713451,0.751211055373508
994273,1.28870838877224,-0.739095007986522,-2.19130806958577
995174,1.87859565076478,-2.13725249666299,3.00314712794231
996782,-0.678254934412557,2.03438220688905,0.253173723880304
